{
  "activateSkinCapeForUserVersion": false,
  "skipHashsumValidation": false,
  "additionalFiles": [
    {
      "sha1": "8c5a95cbce940cfdb304376ae9fea47968d02587",
      "size": 10436626,
      "path": "libraries/net/minecraft/client/1.20.1-20230612.114412/client-1.20.1-20230612.114412-extra.jar",
      "url": "http://res.tlauncher.org/unb/libraries/cache/net/minecraft/client/1.20.1-20230612.114412/client-1.20.1-20230612.114412-extra.jar"
    },
    {
      "sha1": "de86b035d2da0f78940796bb95c39a932ed84834",
      "size": 12592249,
      "path": "libraries/net/minecraft/client/1.20.1-20230612.114412/client-1.20.1-20230612.114412-slim.jar",
      "url": "http://res.tlauncher.org/unb/libraries/cache/net/minecraft/client/1.20.1-20230612.114412/client-1.20.1-20230612.114412-slim.jar"
    },
    {
      "sha1": "6c48521eed01fe2e8ecdadbd5ae348415f3c47da",
      "size": 8001795,
      "path": "libraries/net/minecraft/client/1.20.1-20230612.114412/client-1.20.1-20230612.114412-mappings.txt",
      "url": "http://res.tlauncher.org/unb/libraries/cache/net/minecraft/client/1.20.1-20230612.114412/client-1.20.1-20230612.114412-mappings.txt"
    },
    {
      "sha1": "3c8aa19b710a3a68f721210eb69b74594d13e218",
      "size": 18842082,
      "path": "libraries/net/minecraft/client/1.20.1-20230612.114412/client-1.20.1-20230612.114412-srg.jar",
      "url": "http://res.tlauncher.org/unb/libraries/cache/net/minecraft/client/1.20.1-20230612.114412/client-1.20.1-20230612.114412-srg.jar"
    },
    {
      "sha1": "4b6c41d915c857a006634a12b6cdf9e08451a4fd",
      "size": 4792900,
      "path": "libraries/net/minecraftforge/forge/1.20.1-47.3.0/forge-1.20.1-47.3.0-client.jar",
      "url": "http://res.tlauncher.org/unb/libraries/cache/net/minecraftforge/forge/1.20.1-47.3.0/forge-1.20.1-47.3.0-client.jar"
    },
    {
      "sha1": "7aeb6f58286b5398dc7dfa1d3db1757e601145c1",
      "size": 2753075,
      "path": "libraries/net/minecraftforge/forge/1.20.1-47.3.0/forge-1.20.1-47.3.0-universal.jar",
      "url": "http://res.tlauncher.org/unb/libraries/cache/net/minecraftforge/forge/1.20.1-47.3.0/forge-1.20.1-47.3.0-universal.jar"
    },
    {
      "sha1": "3b6be96aba3e323f3c918e8ef6a96312d82d76ad",
      "size": 118685,
      "path": "libraries/net/minecraftforge/fmlcore/1.20.1-47.3.0/fmlcore-1.20.1-47.3.0.jar",
      "url": "http://res.tlauncher.org/unb/libraries/cache/net/minecraftforge/fmlcore/1.20.1-47.3.0/fmlcore-1.20.1-47.3.0.jar"
    },
    {
      "sha1": "d7ebc62120f202109e300e084ca1a31a7b946a62",
      "size": 16516,
      "path": "libraries/net/minecraftforge/javafmllanguage/1.20.1-47.3.0/javafmllanguage-1.20.1-47.3.0.jar",
      "url": "http://res.tlauncher.org/unb/libraries/cache/net/minecraftforge/javafmllanguage/1.20.1-47.3.0/javafmllanguage-1.20.1-47.3.0.jar"
    },
    {
      "sha1": "6093682e943ddccbabf70539319d7f2fe64db2e7",
      "size": 4998,
      "path": "libraries/net/minecraftforge/mclanguage/1.20.1-47.3.0/mclanguage-1.20.1-47.3.0.jar",
      "url": "http://res.tlauncher.org/unb/libraries/cache/net/minecraftforge/mclanguage/1.20.1-47.3.0/mclanguage-1.20.1-47.3.0.jar"
    },
    {
      "sha1": "1bf3e845ea0ce750096da8c71c8364b188ab74d4",
      "size": 7398,
      "path": "libraries/net/minecraftforge/lowcodelanguage/1.20.1-47.3.0/lowcodelanguage-1.20.1-47.3.0.jar",
      "url": "http://res.tlauncher.org/unb/libraries/cache/net/minecraftforge/lowcodelanguage/1.20.1-47.3.0/lowcodelanguage-1.20.1-47.3.0.jar"
    }
  ],
  "tlauncherVersion": 0,
  "modpack": {
    "modpackMemory": false,
    "memory": 0,
    "id": -6698720492400,
    "name": "forgeomancraftmods",
    "favorite": false,
    "version": {
      "mods": [
        {
          "stateGameElement": "active",
          "id": 10000020,
          "name": "TL skin and cape",
          "author": "tlauncher.org",
          "uuid": "cd3ef9ea-62dd-11e6-b39e-002590a1379b",
          "linkProject": "https://tlauncher.org",
          "favorite": false,
          "categories": [],
          "picture": 73988,
          "pictures": [
            73989,
            73990
          ],
          "lanName": "tl-skin-and-cape",
          "version": {
            "id": 11005070,
            "name": "1.32",
            "updateDate": 1688561637000,
            "type": "release",
            "gameVersionsDTO": [
              {
                "id": 46,
                "name": "1.20.1"
              },
              {
                "id": 45,
                "name": "1.20"
              }
            ],
            "metadata": {
              "sha1": "b7df8fec6b076b9b1755754f03fde08349d221d1",
              "size": 715179,
              "path": "mods/tl_skin_cape_forge_1.20_1.20.1-1.32.jar",
              "url": "/mods/23168708/11005069/tl_skin_cape_forge_1.20_1.20.1-1.32.jar"
            },
            "available": false,
            "minecraftVersionTypes": [
              {
                "id": 1,
                "name": "forge"
              }
            ]
          },
          "downloadMonth": 332992,
          "userInstall": false,
          "populateStatus": false,
          "dependencies": [],
          "lastGameVersion": {
            "id": 53,
            "name": "1.21.1"
          },
          "updated": 1726235424000,
          "update": 1726235424000,
          "downloadALL": 352295803,
          "available": true,
          "parser": false,
          "totalComments": 0,
          "adult": false
        },
        {
          "stateGameElement": "active",
          "id": 9999999,
          "name": "OptiFine",
          "author": "OptiFine.net",
          "uuid": "cd3ef9ea-62dd-11e6-b39e-002590a1379b",
          "linkProject": "https://optifine.net",
          "favorite": false,
          "categories": [
            {
              "id": 22,
              "name": "mc_miscellaneous",
              "shortName": "mixed",
              "nesting": 0
            }
          ],
          "picture": 52103,
          "pictures": [],
          "lanName": "optifine",
          "version": {
            "id": 11007362,
            "name": "1.20.1_HD_U_I6_pre6",
            "updateDate": 1702183588000,
            "type": "release",
            "gameVersionsDTO": [
              {
                "id": 46,
                "name": "1.20.1"
              }
            ],
            "metadata": {
              "sha1": "445b32b14a2c2802d5a0832a708712d2fabafbc2",
              "size": 7145056,
              "path": "mods/preview_OptiFine_1.20.1_HD_U_I6_pre6.jar",
              "url": "/mods/23762020/11007361/preview_OptiFine_1.20.1_HD_U_I6_pre6.jar"
            },
            "available": false,
            "minecraftVersionTypes": [
              {
                "id": 1,
                "name": "forge"
              }
            ]
          },
          "downloadMonth": 106929,
          "userInstall": false,
          "populateStatus": false,
          "dependencies": [],
          "lastGameVersion": {
            "id": 49,
            "name": "1.20.4"
          },
          "updated": 1723798522000,
          "update": 1723798522000,
          "downloadALL": 73372308,
          "available": true,
          "parser": false,
          "totalComments": 0,
          "adult": false
        },
        {
          "stateGameElement": "active",
          "id": 328085,
          "name": "Create",
          "author": "simibubi",
          "linkProject": "https://www.curseforge.com/minecraft/mc-mods/create",
          "favorite": false,
          "categories": [
            {
              "id": 25,
              "name": "redstone",
              "shortName": "redstone",
              "nesting": 0
            },
            {
              "id": 4,
              "name": "armor_weapons_tools",
              "shortName": "military",
              "nesting": 0
            },
            {
              "id": 5,
              "name": "technology",
              "shortName": "technology",
              "nesting": 0
            },
            {
              "id": 3,
              "name": "cosmetic",
              "shortName": "cosmetic",
              "nesting": 0
            }
          ],
          "picture": 894587,
          "pictures": [],
          "lanName": "create",
          "version": {
            "id": 5689514,
            "name": "create-1.20.1-0.5.1.h",
            "updateDate": 1725371923000,
            "type": "release",
            "gameVersionsDTO": [
              {
                "id": 46,
                "name": "1.20.1"
              }
            ],
            "metadata": {
              "sha1": "934a4a1e085b867756fb404fd92309fbb0ff3a48",
              "size": 15577849,
              "path": "mods/create-1.20.1-0.5.1.h.jar",
              "url": "/mods/328085/5689514/create-1.20.1-0.5.1.h.jar"
            },
            "available": false,
            "minecraftVersionTypes": [
              {
                "id": 5,
                "name": "neoForge"
              },
              {
                "id": 1,
                "name": "forge"
              }
            ]
          },
          "downloadMonth": 3216,
          "userInstall": false,
          "populateStatus": false,
          "dependencies": [],
          "lastGameVersion": {
            "id": 46,
            "name": "1.20.1"
          },
          "updated": 1725310800000,
          "update": 1725310800000,
          "downloadALL": 6097832,
          "available": true,
          "parser": true,
          "totalComments": 0,
          "adult": false
        },
        {
          "stateGameElement": "active",
          "id": 439890,
          "name": "Create Crafts & Additions",
          "author": "mrhminer",
          "linkProject": "https://www.curseforge.com/minecraft/mc-mods/createaddition",
          "favorite": false,
          "categories": [
            {
              "id": 20,
              "name": "technology_item_fluid_energy_transport",
              "shortName": "fluid",
              "nesting": 0
            },
            {
              "id": 26,
              "name": "mc_addons",
              "shortName": "addons",
              "nesting": 0
            },
            {
              "id": 12,
              "name": "technology_energy",
              "shortName": "energy",
              "nesting": 0
            }
          ],
          "picture": 821172,
          "pictures": [
            254131,
            207637,
            513963,
            287815,
            376337,
            426309,
            218287
          ],
          "lanName": "createaddition",
          "version": {
            "id": 5658602,
            "name": "createaddition-1.20.1-1.2.4e",
            "updateDate": 1724495344000,
            "type": "release",
            "gameVersionsDTO": [
              {
                "id": 46,
                "name": "1.20.1"
              }
            ],
            "metadata": {
              "sha1": "41f22b70ceb9f61db0306871f2ae9998b25ed4fd",
              "size": 1515917,
              "path": "mods/createaddition-1.20.1-1.2.4e.jar",
              "url": "/mods/439890/5658602/createaddition-1.20.1-1.2.4e.jar"
            },
            "available": false,
            "minecraftVersionTypes": [
              {
                "id": 1,
                "name": "forge"
              }
            ]
          },
          "downloadMonth": 286,
          "userInstall": false,
          "populateStatus": false,
          "dependencies": [],
          "lastGameVersion": {
            "id": 46,
            "name": "1.20.1"
          },
          "updated": 1724446800000,
          "update": 1724446800000,
          "downloadALL": 1315614,
          "available": true,
          "parser": true,
          "totalComments": 0,
          "adult": false
        },
        {
          "stateGameElement": "active",
          "id": 419699,
          "name": "Architectury API (FabricForgeNeoForge)",
          "author": "shedaniel",
          "linkProject": "https://www.curseforge.com/minecraft/mc-mods/architectury-api",
          "favorite": false,
          "categories": [
            {
              "id": 7,
              "name": "library_api",
              "shortName": "api",
              "nesting": 0
            }
          ],
          "picture": 787812,
          "pictures": [],
          "lanName": "architectury-forge",
          "version": {
            "id": 5137938,
            "name": "architectury-9.2.14-forge",
            "updateDate": 1708942739000,
            "type": "release",
            "gameVersionsDTO": [
              {
                "id": 46,
                "name": "1.20.1"
              },
              {
                "id": 45,
                "name": "1.20"
              }
            ],
            "metadata": {
              "sha1": "a52918a500ff421180a1cbd1a0cabee712134ec4",
              "size": 580602,
              "path": "mods/architectury-9.2.14-forge.jar",
              "url": "/mods/419699/5137938/architectury-9.2.14-forge.jar"
            },
            "available": false,
            "minecraftVersionTypes": [
              {
                "id": 1,
                "name": "forge"
              }
            ]
          },
          "downloadMonth": 78,
          "userInstall": false,
          "populateStatus": false,
          "dependencies": [],
          "lastGameVersion": {
            "id": 53,
            "name": "1.21.1"
          },
          "updated": 1721595600000,
          "update": 1721595600000,
          "downloadALL": 5597170,
          "available": true,
          "parser": true,
          "totalComments": 0,
          "adult": false
        },
        {
          "stateGameElement": "active",
          "id": 404465,
          "name": "FTB Library (Forge)",
          "author": "latvianmodder",
          "linkProject": "https://www.curseforge.com/minecraft/mc-mods/ftb-library-forge",
          "favorite": false,
          "categories": [
            {
              "id": 7,
              "name": "library_api",
              "shortName": "api",
              "nesting": 0
            }
          ],
          "picture": 808846,
          "pictures": [],
          "lanName": "ftb-gui-library",
          "version": {
            "id": 5567591,
            "name": "ftb-library-forge-2001.2.4",
            "updateDate": 1721991803000,
            "type": "release",
            "gameVersionsDTO": [
              {
                "id": 46,
                "name": "1.20.1"
              }
            ],
            "metadata": {
              "sha1": "0f98f24493af3e18e6dbfbca93bac9a659094d35",
              "size": 791152,
              "path": "mods/ftb-library-forge-2001.2.4.jar",
              "url": "/mods/404465/5567591/ftb-library-forge-2001.2.4.jar"
            },
            "available": false,
            "minecraftVersionTypes": [
              {
                "id": 1,
                "name": "forge"
              }
            ]
          },
          "downloadMonth": 419,
          "userInstall": false,
          "populateStatus": false,
          "dependencies": [
            {
              "gameType": "mod",
              "id": 632,
              "name": "Roughly Enough Items FabricForgeNeoForge (REI)",
              "gameEntityId": 310111,
              "dependencyType": "optional"
            },
            {
              "gameType": "mod",
              "id": 422,
              "name": "Architectury API (FabricForgeNeoForge)",
              "gameEntityId": 419699,
              "dependencyType": "required"
            },
            {
              "gameType": "mod",
              "id": 4,
              "name": "Just Enough Items (JEI)",
              "gameEntityId": 238222,
              "dependencyType": "optional"
            }
          ],
          "lastGameVersion": {
            "id": 53,
            "name": "1.21.1"
          },
          "updated": 1726002000000,
          "update": 1726002000000,
          "downloadALL": 452830,
          "available": true,
          "parser": true,
          "totalComments": 0,
          "adult": false
        },
        {
          "stateGameElement": "active",
          "id": 238222,
          "name": "Just Enough Items (JEI)",
          "author": "mezz",
          "linkProject": "https://www.curseforge.com/minecraft/mc-mods/jei",
          "favorite": false,
          "categories": [
            {
              "id": 6,
              "name": "map_information",
              "shortName": "maps",
              "nesting": 0
            },
            {
              "id": 7,
              "name": "library_api",
              "shortName": "api",
              "nesting": 0
            }
          ],
          "picture": 821131,
          "pictures": [
            24069,
            24089,
            24074,
            24081
          ],
          "lanName": "jei",
          "version": {
            "id": 5718385,
            "name": "jei-1.20.1-forge-15.19.0.88",
            "updateDate": 1726196239000,
            "type": "beta",
            "gameVersionsDTO": [
              {
                "id": 46,
                "name": "1.20.1"
              }
            ],
            "metadata": {
              "sha1": "11da73334967696d8837ae3bd2539eaf5e4b880f",
              "size": 1380855,
              "path": "mods/jei-1.20.1-forge-15.19.0.88.jar",
              "url": "/mods/238222/5718385/jei-1.20.1-forge-15.19.0.88.jar"
            },
            "available": false,
            "minecraftVersionTypes": [
              {
                "id": 1,
                "name": "forge"
              }
            ]
          },
          "downloadMonth": 74909,
          "userInstall": false,
          "populateStatus": false,
          "dependencies": [],
          "lastGameVersion": {
            "id": 53,
            "name": "1.21.1"
          },
          "updated": 1726174800000,
          "update": 1726174800000,
          "downloadALL": 67736565,
          "available": true,
          "parser": true,
          "totalComments": 0,
          "adult": false
        },
        {
          "stateGameElement": "active",
          "id": 240630,
          "name": "Just Enough Resources (JER)",
          "author": "Way2muchnoise",
          "linkProject": "https://www.curseforge.com/minecraft/mc-mods/just-enough-resources-jer",
          "favorite": false,
          "categories": [
            {
              "id": 23,
              "name": "world_ores_resources",
              "shortName": "ores",
              "nesting": 0
            },
            {
              "id": 14,
              "name": "world_biomes",
              "shortName": "biomes",
              "nesting": 0
            },
            {
              "id": 6,
              "name": "map_information",
              "shortName": "maps",
              "nesting": 0
            },
            {
              "id": 13,
              "name": "world_mobs",
              "shortName": "mobs",
              "nesting": 0
            },
            {
              "id": 26,
              "name": "mc_addons",
              "shortName": "addons",
              "nesting": 0
            }
          ],
          "picture": 821141,
          "pictures": [],
          "lanName": "just-enough-resources-jer",
          "version": {
            "id": 5057220,
            "name": "JustEnoughResources-1.20.1-1.4.0.247",
            "updateDate": 1706113766000,
            "type": "beta",
            "gameVersionsDTO": [
              {
                "id": 46,
                "name": "1.20.1"
              }
            ],
            "metadata": {
              "sha1": "2747c58f439c37a01139d35cab59ca1a54114009",
              "size": 276231,
              "path": "mods/JustEnoughResources-1.20.1-1.4.0.247.jar",
              "url": "/mods/240630/5057220/JustEnoughResources-1.20.1-1.4.0.247.jar"
            },
            "available": false,
            "minecraftVersionTypes": [
              {
                "id": 1,
                "name": "forge"
              }
            ]
          },
          "downloadMonth": 1789,
          "userInstall": false,
          "populateStatus": false,
          "dependencies": [],
          "lastGameVersion": {
            "id": 52,
            "name": "1.21"
          },
          "updated": 1724533200000,
          "update": 1724533200000,
          "downloadALL": 3601579,
          "available": true,
          "parser": true,
          "totalComments": 0,
          "adult": false
        }
      ],
      "resourcePacks": [],
      "maps": [],
      "shaderpacks": [],
      "gameVersionDTO": {
        "id": 46,
        "name": "1.20.1"
      },
      "minecraftVersionName": {
        "id": 3753,
        "name": "47.3.0"
      },
      "id": -6698720511801,
      "name": "1.0",
      "available": false,
      "minecraftVersionTypes": [
        {
          "id": 1,
          "name": "forge"
        }
      ]
    },
    "userInstall": false,
    "populateStatus": false,
    "available": false,
    "parser": false,
    "totalComments": 0
  },
  "source": "local_version_repo",
  "jar": "1.20.1",
  "skinVersion": true
}